{
    "type": "process",
    "name": "fdm_process_anker_common_0_6",
    "from": "system",
    "instantiation": "false",
    "inherits": "fdm_process_common",
    "line_width": "0.62",
    "initial_layer_line_width": "0.62",
    "outer_wall_line_width": "0.62",
    "inner_wall_line_width": "0.62",
    "top_surface_line_width": "0.62",
    "sparse_infill_line_width": "0.62",
    "internal_solid_infill_line_width": "0.62",
    "support_line_width": "0.62",
    "bridge_flow": "0.95",
    "compatible_printers": [
      "Anker M5 0.6 nozzle",
      "Anker M5 All-Metal 0.6 nozzle",
      "Anker M5C 0.6 nozzle"
    ]
}
