{
    "type": "process",
    "name": "fdm_process_common",
    "from": "system",
    "instantiation": "false",
    "seam_position": "aligned",
    "resolution": "0.012",
    "elefant_foot_compensation": "0.2",
    "precise_outer_wall": "1",
    "ironing_type": "no ironing",
    "ironing_speed": "30",
    "ironing_flow": "10%",
    "ironing_spacing": "0.15",
    "reduce_crossing_wall": "1",
    "max_travel_detour_distance": "0",
    "detect_overhang_wall": "1",
    "wall_loops": "3",
    "top_surface_pattern": "monotonicline",
    "top_shell_layers": "5",
    "top_shell_thickness": "0.7",
    "bottom_surface_pattern": "monotonic",
    "bottom_shell_layers": "4",
    "bottom_shell_thickness": "0.5",
    "sparse_infill_density": "15%",
    "sparse_infill_pattern": "cubic",
    "infill_wall_overlap": "23%",
    "infill_direction": "45",
    "minimum_sparse_infill_area": "15",
    "infill_combination": "0",
    "ensure_vertical_shell_thickness": "1",
    "initial_layer_speed": "50",
    "initial_layer_infill_speed": "50",
    "initial_layer_travel_speed": "100%",
    "outer_wall_speed": "125",
    "inner_wall_speed": "250",
    "sparse_infill_speed": "250",
    "internal_solid_infill_speed": "200",
    "top_surface_speed": "150",
    "gap_infill_speed": "150",
    "support_speed": "125",
    "support_interface_speed": "80",
    "enable_overhang_speed": "1",
    "overhang_1_4_speed": "0",
    "overhang_2_4_speed": "50",
    "overhang_3_4_speed": "25",
    "overhang_4_4_speed": "15",
    "bridge_speed": "50",
    "travel_speed": "300",
    "default_acceleration": "2500",
    "outer_wall_acceleration": "500",
    "inner_wall_acceleration": "500",
    "bridge_acceleration": "500",
    "travel_acceleration": "2500",
    "default_jerk": "15",
    "outer_wall_jerk": "10",
    "inner_wall_jerk": "15",
    "infill_jerk": "15",
    "top_surface_jerk": "12",
    "initial_layer_jerk": "12",
    "travel_jerk": "20",
    "enable_support": "0",
    "support_type": "normal(auto)",
    "support_threshold_angle": "40",
    "support_on_build_plate_only": "0",
    "raft_layers": "0",
    "support_filament": "0",
    "support_interface_filament": "0",
    "support_top_z_distance": "0.2",
    "support_base_pattern": "default",
    "support_base_pattern_spacing": "2.5",
    "support_interface_top_layers": "2",
    "support_interface_bottom_layers": "2",
    "support_interface_spacing": "0.5",
    "support_object_xy_distance": "0.5",
    "bridge_no_support": "0",
    "independent_support_layer_height": "1",
    "tree_support_branch_angle": "30",
    "tree_support_wall_count": "0",
    "skirt_loops": "2",
    "skirt_distance": "3",
    "skirt_height": "1",
    "brim_width": "5",
    "brim_object_gap": "0.1",
    "enable_prime_tower": "0",
    "prime_tower_width": "60",
    "wipe_tower_no_sparse_layers": "0",
    "print_sequence": "by layer",
    "spiral_mode": "0",
    "reduce_infill_retraction": "1",
    "filename_format": "{input_filename_base}_{filament_type[0]}_{printer_model}.gcode"
}
