{
    "type": "filament",
    "name": "Anker Generic PLA Silk @base",
    "inherits": "fdm_filament_pla",
    "from": "system",
    "filament_id": "GFL96",
    "instantiation": "false",
    "filament_cost": [
        "20"
    ],
    "temperature_vitrification": [
        "60"
    ],
    "nozzle_temperature_initial_layer": [
        "225"
    ],
    "nozzle_temperature": [
        "225"
    ],
    "hot_plate_temp_initial_layer": [
        "60"
    ],
    "hot_plate_temp": [
        "60"
    ],
    "filament_max_volumetric_speed": [
        "6"
    ],
    "fan_cooling_layer_time": [
        "80"
    ],
    "fan_max_speed": [
        "80"
    ],
    "fan_min_speed": [
        "60"
    ]
}
