{
    "type": "filament",
    "name": "fdm_filament_pva",
    "inherits": "fdm_filament_common",
    "from": "system",
    "instantiation": "false",
    "filament_type": [
        "PVA"
    ],
    "filament_soluble": [
        "1"
    ],
    "filament_is_support": [
        "1"
    ],
    "filament_flow_ratio": [
        "0.95"
    ],
    "filament_density": [
        "1.25"
    ],
    "filament_cost": [
        "60"
    ],
    "temperature_vitrification": [
        "85"
    ],
    "nozzle_temperature_range_low": [
        "190"
    ],
    "nozzle_temperature_range_high": [
        "240"
    ],
    "nozzle_temperature_initial_layer": [
        "220"
    ],
    "nozzle_temperature": [
        "220"
    ],
    "hot_plate_temp_initial_layer": [
        "65"
    ],
    "hot_plate_temp": [
        "65"
    ],
    "filament_max_volumetric_speed": [
        "16"
    ],
    "close_fan_the_first_x_layers": [
        "1"
    ],
    "full_fan_speed_layer": [
        "3"
    ],
    "fan_min_speed": [
        "60"
    ],
    "fan_cooling_layer_time": [
        "100"
    ],
    "fan_max_speed": [
        "80"
    ],
    "slow_down_layer_time": [
        "7"
    ],
    "reduce_fan_stop_start_freq": [
        "1"
    ],
    "slow_down_for_layer_cooling": [
        "1"
    ],
    "slow_down_min_speed": [
        "20"
    ],
    "enable_overhang_bridge_fan": [
        "1"
    ],
    "overhang_fan_threshold": [
        "50%"
    ],
    "overhang_fan_speed": [
        "100"
    ],
    "support_material_interface_fan_speed": [
        "-1"
    ]
}
