{
    "type": "filament",
    "name": "fdm_filament_pc",
    "inherits": "fdm_filament_common",
    "from": "system",
    "instantiation": "false",
    "filament_type": [
        "PC"
    ],
    "filament_flow_ratio": [
        "0.94"
    ],
    "filament_density": [
        "1.21"
    ],
    "filament_cost": [
        "45"
    ],
    "temperature_vitrification": [
        "140"
    ],
    "nozzle_temperature_range_low": [
        "260"
    ],
    "nozzle_temperature_range_high": [
        "280"
    ],
    "nozzle_temperature_initial_layer": [
        "270"
    ],
    "nozzle_temperature": [
        "270"
    ],
    "hot_plate_temp_initial_layer": [
        "100"
    ],
    "hot_plate_temp": [
        "100"
    ],
    "filament_max_volumetric_speed": [
        "14"
    ],
    "close_fan_the_first_x_layers": [
        "3"
    ],
    "full_fan_speed_layer": [
        "3"
    ],
    "fan_min_speed": [
        "15"
    ],
    "fan_cooling_layer_time": [
        "30"
    ],
    "fan_max_speed": [
        "20"
    ],
    "slow_down_layer_time": [
        "4"
    ],
    "reduce_fan_stop_start_freq": [
        "0"
    ],
    "slow_down_for_layer_cooling": [
        "1"
    ],
    "slow_down_min_speed": [
        "20"
    ],
    "enable_overhang_bridge_fan": [
        "1"
    ],
    "overhang_fan_threshold": [
        "25%"
    ],
    "overhang_fan_speed": [
        "60"
    ],
    "support_material_interface_fan_speed": [
        "-1"
    ]
}
