{
    "type": "machine",
    "name": "Anker M5 0.25 nozzle",
    "inherits": "fdm_marlin_common",
    "from": "system",
    "setting_id": "GM007",
    "instantiation": "true",
    "nozzle_diameter": [
        "0.25"
    ],
    "max_layer_height": [
        "0.16"
    ],
    "printer_model": "Anker M5",
    "printer_variant": "0.25",
    "auxiliary_fan": "0",
    "bed_exclude_area": [],
    "printer_structure": "i3",
    "default_filament_profile": [
        "Anker Generic PLA+"
    ],
    "default_print_profile": "0.10mm Standard 0.25mm nozzle @Anker",
    "extruder_clearance_height_to_lid": "250",
    "extruder_clearance_height_to_rod": "30",
    "extruder_clearance_max_radius": "45",
    "extruder_clearance_radius": "45",
    "printer_structure": "i3",
    "nozzle_type": "brass",
    "printable_height": "250",
    "printable_area": [
        "0x0",
        "235x0",
        "235x235",
        "0x235"
    ],
    "retraction_length": [
        "0.75"
    ],
    "upward_compatible_machine": []
}
